Model,With_IDs_R2,With_IDs_RMSE,No_IDs_R2,No_IDs_RMSE
DL,0.7803779939544402,1.294470510992742,0.6489387048629636,1.6366119187173642
XGB,0.834419003916754,1.1246155006830818,0.26940838342085005,2.3623060485258045
RF,0.7676092742573863,1.3323189830714148,0.25394929042099657,2.3871680521546668
