,RMSE,R2
RF,1.3323189830714148,0.7676092742573863
XGB,1.1246155006830818,0.834419003916754
DL,1.294470510992742,0.7803779939544402
