,RMSE,R2
RF,2.3871680521546668,0.25394929042099657
XGB,2.3623060485258045,0.26940838342085005
DL,1.6366119187173642,0.6489387048629636
