,LN_IC50,AUC,Z_SCORE
LN_IC50,1.0,0.7627282422582902,0.5092092933364674
AUC,0.7627282422582902,1.0,0.442588060449389
Z_SCORE,0.5092092933364674,0.442588060449389,1.0
